{"Name":"Water","Bottom":0.0,"Top":0.4230000078678131,"PreviewColor":{"r":0.18956926465034486,"g":0.18956926465034486,"b":0.5660377740859985,"a":1.0},"IgnoreHeight":true}
{"Name":"Sand","Bottom":0.4230000078678131,"Top":0.5870000123977661,"PreviewColor":{"r":0.849056601524353,"g":0.7855216264724731,"b":0.0,"a":1.0},"IgnoreHeight":false}
{"Name":"Grass","Bottom":0.5870000123977661,"Top":1.0,"PreviewColor":{"r":0.18369527161121369,"g":0.9056603908538818,"b":0.18369527161121369,"a":1.0},"IgnoreHeight":false}
