{"Name":"Water","Min":0.0,"Max":0.30000001192092898,"PreviewColor":{"r":0.0,"g":0.0,"b":1.0,"a":1.0},"IgnoreHeight":true}
{"Name":"Sand","Min":0.30000001192092898,"Max":0.4000000059604645,"PreviewColor":{"r":1.0,"g":0.9215686321258545,"b":0.01568627543747425,"a":1.0},"IgnoreHeight":true}
{"Name":"Grass","Min":0.4000000059604645,"Max":1.0,"PreviewColor":{"r":0.0,"g":1.0,"b":0.0,"a":1.0},"IgnoreHeight":false}
