{"Name":"Water","Bottom":0.0,"Top":0.30000001192092898,"PreviewColor":{"r":0.0,"g":0.0,"b":1.0,"a":1.0},"IgnoreHeight":true}
{"Name":"Sand","Bottom":0.30000001192092898,"Top":0.4000000059604645,"PreviewColor":{"r":1.0,"g":0.9215686321258545,"b":0.01568627543747425,"a":1.0},"IgnoreHeight":true}
{"Name":"Grass","Bottom":0.4000000059604645,"Top":1.0,"PreviewColor":{"r":0.0,"g":1.0,"b":0.0,"a":1.0},"IgnoreHeight":false}
